hostel,date,water_litres,electricity_kwh,gas_kg
Block A,2026-09-06,26620.4,1278.0,41.5
Block B,2026-09-06,31208.8,1300.6,34.3
Block C,2026-09-06,31364.7,1338.3,39.1
Block D,2026-09-06,29655.0,1428.3,38.2
Block E,2026-09-06,33081.8,1434.5,34.4
Block F,2026-09-06,33117.0,1498.8,46.4
Block G,2026-09-06,26464.4,1406.4,44.5
Block H,2026-09-06,26971.9,1236.4,37.3
Block A,2026-09-07,32389.1,1421.1,44.4
Block B,2026-09-07,33771.9,1201.8,38.6
Block C,2026-09-07,32319.1,1246.8,46.7
Block D,2026-09-07,26791.8,1159.2,40.1
Block E,2026-09-07,27330.6,1231.9,36.6
Block F,2026-09-07,31616.4,1396.8,34.2
Block G,2026-09-07,33250.5,1343.6,38.2
Block H,2026-09-07,30491.7,1450.3,47.0
Block A,2026-09-08,33196.8,1177.4,44.2
Block B,2026-09-08,30236.0,1521.3,40.8
Block C,2026-09-08,33627.1,1381.6,39.0
Block D,2026-09-08,28013.8,1351.0,46.5
Block E,2026-09-08,30736.3,1567.2,34.1
Block F,2026-09-08,30596.1,1357.4,42.7
Block G,2026-09-08,32907.9,1170.1,35.2
Block H,2026-09-08,29293.8,1438.7,47.0
Block A,2026-09-09,27447.3,1398.4,36.9
Block B,2026-09-09,31005.8,1432.5,37.9
Block C,2026-09-09,30439.9,1478.7,35.7
Block D,2026-09-09,29108.2,1290.1,35.1
Block E,2026-09-09,28107.9,1197.1,45.4
Block F,2026-09-09,33149.5,1383.1,34.5
Block G,2026-09-09,28698.3,1263.8,39.9
Block H,2026-09-09,26334.9,1193.9,37.0
Block A,2026-09-10,33063.6,1453.6,45.0
Block B,2026-09-10,29639.6,1255.2,47.4
Block C,2026-09-10,32917.7,1152.2,47.2
Block D,2026-09-10,31605.4,1574.4,41.9
Block E,2026-09-10,30398.5,1264.9,39.7
Block F,2026-09-10,33981.6,1209.1,46.4
Block G,2026-09-10,29869.4,1181.7,45.9
Block H,2026-09-10,33022.0,1437.3,47.7
Block A,2026-09-11,29780.3,1174.4,42.4
Block B,2026-09-11,29549.5,1271.4,40.1
Block C,2026-09-11,28162.4,1575.2,46.2
Block D,2026-09-11,27441.0,1527.7,44.6
Block E,2026-09-11,32623.1,1551.9,37.8
Block F,2026-09-11,31165.7,1240.6,44.2
Block G,2026-09-11,32953.3,1443.2,44.8
Block H,2026-09-11,30553.7,1217.9,45.9
Block A,2026-09-12,30127.7,1524.5,42.6
Block B,2026-09-12,30742.0,1433.7,42.6
Block C,2026-09-12,28083.7,1356.1,44.4
Block D,2026-09-12,31060.6,1573.7,47.4
Block E,2026-09-12,30871.5,1414.6,44.6
Block F,2026-09-12,26037.0,1405.4,38.3
Block G,2026-09-12,32719.4,1522.7,47.8
Block H,2026-09-12,28573.7,1374.1,43.3
Block A,2026-09-13,30264.2,1536.1,42.3
Block B,2026-09-13,26846.1,1479.7,47.2
Block C,2026-09-13,29045.9,1436.1,35.9
Block D,2026-09-13,28497.3,1231.8,44.0
Block E,2026-09-13,29027.1,1330.9,35.2
Block F,2026-09-13,26716.4,1339.9,42.5
Block G,2026-09-13,30652.6,1429.4,43.4
Block H,2026-09-13,29857.6,1298.4,43.3
Block A,2026-09-14,32840.6,1421.6,39.2
Block B,2026-09-14,32209.6,1403.1,40.7
Block C,2026-09-14,29375.4,1410.3,43.3
Block D,2026-09-14,27035.9,1186.9,34.8
Block E,2026-09-14,26505.6,1151.6,43.6
Block F,2026-09-14,27332.7,1556.0,48.0
Block G,2026-09-14,31650.0,1301.3,35.4
Block H,2026-09-14,26972.6,1480.6,41.3
Block A,2026-09-15,33284.2,1534.1,38.1
Block B,2026-09-15,27961.1,1216.4,42.9
Block C,2026-09-15,33345.7,1464.1,44.8
Block D,2026-09-15,33928.5,1486.6,40.7
Block E,2026-09-15,29420.3,1254.3,37.4
Block F,2026-09-15,29979.1,1501.7,38.1
Block G,2026-09-15,29968.4,1569.8,38.2
Block H,2026-09-15,28946.8,1356.6,47.8
Block A,2026-09-16,26887.5,1155.1,40.6
Block B,2026-09-16,27892.7,1364.4,38.9
Block C,2026-09-16,31422.1,1207.4,38.9
Block D,2026-09-16,31183.5,1362.6,36.5
Block E,2026-09-16,28874.4,1571.6,37.0
Block F,2026-09-16,30780.4,1500.9,45.3
Block G,2026-09-16,33346.5,1415.1,47.3
Block H,2026-09-16,27454.4,1297.5,43.5
Block A,2026-09-17,26780.7,1308.1,46.8
Block B,2026-09-17,28615.0,1533.7,40.4
Block C,2026-09-17,28417.1,1395.0,34.5
Block D,2026-09-17,28884.3,1444.9,36.4
Block E,2026-09-17,26022.5,1340.0,46.4
Block F,2026-09-17,26453.0,1310.8,36.0
Block G,2026-09-17,26584.3,1458.4,37.4
Block H,2026-09-17,29443.3,1151.0,39.7
Block A,2026-09-18,33504.0,1375.7,37.7
Block B,2026-09-18,33912.0,1471.0,43.7
Block C,2026-09-18,33562.7,1462.4,36.1
Block D,2026-09-18,33970.1,1562.0,38.9
Block E,2026-09-18,31819.8,1326.2,39.6
Block F,2026-09-18,30154.0,1229.7,44.8
Block G,2026-09-18,31989.2,1549.7,36.4
Block H,2026-09-18,30614.3,1353.8,37.3
Block A,2026-09-19,26242.9,1224.4,45.4
Block B,2026-09-19,26269.4,1217.0,47.6
Block C,2026-09-19,33400.8,1598.0,40.0
Block D,2026-09-19,28875.3,1385.0,47.6
Block E,2026-09-19,32455.7,1206.0,37.5
Block F,2026-09-19,30319.8,1510.9,34.4
Block G,2026-09-19,30308.0,1152.7,40.5
Block H,2026-09-19,29125.6,1551.1,41.8
